snapshot_utc,arm,stage,update,games,duration_s,cs,deaths,tower_damage,source
2026-10-02T15:21:59+00:00,E46,0,0,64,120,5.453125,0.9375,,/mnt/nfs/checkpoints/lanerl-jax/E46_afk_farm/vec-s0-20260930-214903-32499e76/evaluations.jsonl
2026-10-02T15:21:59+00:00,E46,1,64,64,120,8.53125,0.015625,,/mnt/nfs/checkpoints/lanerl-jax/E46_afk_farm/vec-s0-20260930-214903-32499e76/evaluations.jsonl
2026-10-02T15:21:59+00:00,E46,2,128,64,120,8.640625,0.0,,/mnt/nfs/checkpoints/lanerl-jax/E46_afk_farm/vec-s0-20260930-214903-32499e76/evaluations.jsonl
2026-10-02T15:21:59+00:00,E46,3,306,64,120,8.546875,0.0,,/mnt/nfs/checkpoints/lanerl-jax/E46_afk_farm/vec-s0-20260930-214903-32499e76/evaluations.jsonl
2026-10-02T15:21:59+00:00,E46,4,612,64,120,9.5625,0.0,,/mnt/nfs/checkpoints/lanerl-jax/E46_afk_farm/vec-s0-20260930-214903-32499e76/evaluations.jsonl
2026-10-02T15:21:59+00:00,E50,0,0,64,120,9.5625,0.0,0.0,/mnt/nfs/checkpoints/lanerl-jax/E50_afk_personal_lr3e5/vec-s0-20260930-230245-a12b1fbe/evaluations.jsonl
2026-10-02T15:21:59+00:00,E50,1,64,64,120,9.453125,0.03125,7.48760312795639,/mnt/nfs/checkpoints/lanerl-jax/E50_afk_personal_lr3e5/vec-s0-20260930-230245-a12b1fbe/evaluations.jsonl
2026-10-02T15:21:59+00:00,E50,2,128,64,120,8.03125,0.171875,20.150533199310303,/mnt/nfs/checkpoints/lanerl-jax/E50_afk_personal_lr3e5/vec-s0-20260930-230245-a12b1fbe/evaluations.jsonl
2026-10-02T15:21:59+00:00,E51,0,0,64,120,9.5625,0.0,0.0,/mnt/nfs/checkpoints/lanerl-jax/E51_afk_personal_lr1e4/vec-s0-20260930-231817-279e25e5/evaluations.jsonl
2026-10-02T15:21:59+00:00,E51,1,64,64,120,8.84375,0.0,0.0,/mnt/nfs/checkpoints/lanerl-jax/E51_afk_personal_lr1e4/vec-s0-20260930-231817-279e25e5/evaluations.jsonl
2026-10-02T15:21:59+00:00,E51,2,128,64,120,8.859375,0.0,0.0,/mnt/nfs/checkpoints/lanerl-jax/E51_afk_personal_lr1e4/vec-s0-20260930-231817-279e25e5/evaluations.jsonl
2026-10-02T15:21:59+00:00,E52,0,0,64,120,9.5625,0.0,0.0,/mnt/nfs/checkpoints/lanerl-jax/E52_afk_entropy/vec-s0-20261001-000248-6ddcc544/evaluations.jsonl
2026-10-02T15:21:59+00:00,E52,1,64,64,120,8.796875,0.0,0.8526196479797363,/mnt/nfs/checkpoints/lanerl-jax/E52_afk_entropy/vec-s0-20261001-000248-6ddcc544/evaluations.jsonl
2026-10-02T15:21:59+00:00,E52,2,128,64,120,2.9375,0.0,0.0,/mnt/nfs/checkpoints/lanerl-jax/E52_afk_entropy/vec-s0-20261001-000248-6ddcc544/evaluations.jsonl
2026-10-02T15:21:59+00:00,E53,0,0,64,120,9.5625,0.0,0.0,/mnt/nfs/checkpoints/lanerl-jax/E53_afk_shared_critic/vec-s0-20261001-001821-fd41aed1/evaluations.jsonl
2026-10-02T15:21:59+00:00,E53,1,64,64,120,7.9375,0.0,0.0,/mnt/nfs/checkpoints/lanerl-jax/E53_afk_shared_critic/vec-s0-20261001-001821-fd41aed1/evaluations.jsonl
2026-10-02T15:21:59+00:00,E53,2,128,64,120,7.96875,0.0,0.0,/mnt/nfs/checkpoints/lanerl-jax/E53_afk_shared_critic/vec-s0-20261001-001821-fd41aed1/evaluations.jsonl
2026-10-02T15:21:59+00:00,E56,0,0,64,120,9.5625,0.0,0.0,/mnt/nfs/checkpoints/lanerl-jax/E56_afk_one_epoch/vec-s0-20261001-055753-0175a99c/evaluations.jsonl
2026-10-02T15:21:59+00:00,E56,1,64,64,120,5.53125,0.0,0.0,/mnt/nfs/checkpoints/lanerl-jax/E56_afk_one_epoch/vec-s0-20261001-055753-0175a99c/evaluations.jsonl
2026-10-02T15:21:59+00:00,E56,2,128,64,120,3.640625,0.0,0.0,/mnt/nfs/checkpoints/lanerl-jax/E56_afk_one_epoch/vec-s0-20261001-055753-0175a99c/evaluations.jsonl
2026-10-02T15:21:59+00:00,E57,0,0,64,120,9.5625,0.0,0.0,/mnt/nfs/checkpoints/lanerl-jax/E57_afk_four_epochs/vec-s0-20261001-061021-5056795c/evaluations.jsonl
2026-10-02T15:21:59+00:00,E57,1,64,64,120,8.84375,0.0,0.0,/mnt/nfs/checkpoints/lanerl-jax/E57_afk_four_epochs/vec-s0-20261001-061021-5056795c/evaluations.jsonl
2026-10-02T15:21:59+00:00,E57,2,128,64,120,8.859375,0.0,0.0,/mnt/nfs/checkpoints/lanerl-jax/E57_afk_four_epochs/vec-s0-20261001-061021-5056795c/evaluations.jsonl
2026-10-02T15:21:59+00:00,E60,0,0,64,120,9.5625,0.0,0.0,/mnt/nfs/checkpoints/lanerl-jax/E60_afk_own_action/vec-s0-20261001-071528-f25801a2/evaluations.jsonl
2026-10-02T15:21:59+00:00,E60,1,64,64,120,7.4375,0.015625,6.4648756980896,/mnt/nfs/checkpoints/lanerl-jax/E60_afk_own_action/vec-s0-20261001-071528-f25801a2/evaluations.jsonl
2026-10-02T15:21:59+00:00,E60,2,128,64,120,7.640625,0.484375,179.35230994224548,/mnt/nfs/checkpoints/lanerl-jax/E60_afk_own_action/vec-s0-20261001-071528-f25801a2/evaluations.jsonl
2026-10-02T15:21:59+00:00,E60,3,256,64,120,6.171875,0.78125,360.99844121932983,/mnt/nfs/checkpoints/lanerl-jax/E60_afk_own_action/vec-s0-20261001-071528-f25801a2/evaluations.jsonl
2026-10-02T15:21:59+00:00,E61,0,0,64,120,9.5625,0.0,0.0,/mnt/nfs/checkpoints/lanerl-jax/E61_afk_long_control/vec-s0-20261001-074029-c8bad92c/evaluations.jsonl
2026-10-02T15:21:59+00:00,E61,1,128,64,120,8.859375,0.0,0.0,/mnt/nfs/checkpoints/lanerl-jax/E61_afk_long_control/vec-s0-20261001-074029-c8bad92c/evaluations.jsonl
2026-10-02T15:21:59+00:00,E61,2,256,64,120,8.984375,0.0625,11.330745458602905,/mnt/nfs/checkpoints/lanerl-jax/E61_afk_long_control/vec-s0-20261001-074029-c8bad92c/evaluations.jsonl
2026-10-02T15:21:59+00:00,E61,3,512,64,120,6.0625,1.0,462.1173413991928,/mnt/nfs/checkpoints/lanerl-jax/E61_afk_long_control/vec-s0-20261001-074029-c8bad92c/evaluations.jsonl
2026-10-02T15:21:59+00:00,E62,0,0,64,120,9.5625,0.0,0.0,/mnt/nfs/checkpoints/lanerl-jax/E62_afk_own_death_cost/vec-s0-20261001-081641-0f933c80/evaluations.jsonl
2026-10-02T15:21:59+00:00,E62,1,128,64,120,8.8125,0.03125,7.614177703857422,/mnt/nfs/checkpoints/lanerl-jax/E62_afk_own_death_cost/vec-s0-20261001-081641-0f933c80/evaluations.jsonl
2026-10-02T15:21:59+00:00,E62,2,256,64,120,9.25,0.0625,12.183252096176147,/mnt/nfs/checkpoints/lanerl-jax/E62_afk_own_death_cost/vec-s0-20261001-081641-0f933c80/evaluations.jsonl
2026-10-02T15:21:59+00:00,E62,3,512,64,120,8.828125,0.0,1.6427490711212158,/mnt/nfs/checkpoints/lanerl-jax/E62_afk_own_death_cost/vec-s0-20261001-081641-0f933c80/evaluations.jsonl
2026-10-02T15:21:59+00:00,E63,0,0,64,120,9.5625,0.0,0.0,/mnt/nfs/checkpoints/lanerl-jax/E63_afk_death_control/vec-s0-20261001-085407-50ca3090/evaluations.jsonl
2026-10-02T15:21:59+00:00,E63,1,128,64,120,8.140625,0.203125,57.47195887565613,/mnt/nfs/checkpoints/lanerl-jax/E63_afk_death_control/vec-s0-20261001-085407-50ca3090/evaluations.jsonl
2026-10-02T15:21:59+00:00,E63,2,256,64,120,8.953125,0.0,3.191875457763672,/mnt/nfs/checkpoints/lanerl-jax/E63_afk_death_control/vec-s0-20261001-085407-50ca3090/evaluations.jsonl
2026-10-02T15:21:59+00:00,E63,3,512,64,120,8.921875,0.015625,1.442893147468567,/mnt/nfs/checkpoints/lanerl-jax/E63_afk_death_control/vec-s0-20261001-085407-50ca3090/evaluations.jsonl
2026-10-02T15:21:59+00:00,E65,0,0,64,120,9.5625,0.0,0.0,/mnt/nfs/checkpoints/lanerl-jax/E65_afk_cs_focus/vec-s0-20261001-101545-cb09e527/evaluations.jsonl
2026-10-02T15:21:59+00:00,E65,1,128,64,120,5.359375,0.109375,0.0,/mnt/nfs/checkpoints/lanerl-jax/E65_afk_cs_focus/vec-s0-20261001-101545-cb09e527/evaluations.jsonl
2026-10-02T15:21:59+00:00,E65,2,256,64,120,7.109375,0.015625,0.0,/mnt/nfs/checkpoints/lanerl-jax/E65_afk_cs_focus/vec-s0-20261001-101545-cb09e527/evaluations.jsonl
2026-10-02T15:21:59+00:00,E65,3,512,64,120,3.546875,0.015625,3.191875457763672,/mnt/nfs/checkpoints/lanerl-jax/E65_afk_cs_focus/vec-s0-20261001-101545-cb09e527/evaluations.jsonl
2026-10-02T15:21:59+00:00,E66,0,0,64,120,8.890625,0.015625,4.044495105743408,/mnt/nfs/checkpoints/lanerl-jax/E66_afk_click_proposals/vec-s0-20261001-093416-d26024a8/evaluations.jsonl
2026-10-02T15:21:59+00:00,E66,1,128,64,120,6.203125,0.0,0.0,/mnt/nfs/checkpoints/lanerl-jax/E66_afk_click_proposals/vec-s0-20261001-093416-d26024a8/evaluations.jsonl
2026-10-02T15:21:59+00:00,E66,2,256,64,120,7.8125,0.0,0.0,/mnt/nfs/checkpoints/lanerl-jax/E66_afk_click_proposals/vec-s0-20261001-093416-d26024a8/evaluations.jsonl
2026-10-02T15:21:59+00:00,E66,3,512,64,120,9.34375,0.0,75.22287225723267,/mnt/nfs/checkpoints/lanerl-jax/E66_afk_click_proposals/vec-s0-20261001-093416-d26024a8/evaluations.jsonl
2026-10-02T15:21:59+00:00,E67,0,0,64,120,9.5625,0.0,0.0,/mnt/nfs/checkpoints/lanerl-jax/E67_afk_staggered/vec-s0-20261001-105559-3d1c1096/evaluations.jsonl
2026-10-02T15:21:59+00:00,E67,1,128,64,120,10.0625,0.140625,207.26740312576294,/mnt/nfs/checkpoints/lanerl-jax/E67_afk_staggered/vec-s0-20261001-105559-3d1c1096/evaluations.jsonl
2026-10-02T15:21:59+00:00,E67,2,256,64,120,6.703125,0.984375,563.4966750144958,/mnt/nfs/checkpoints/lanerl-jax/E67_afk_staggered/vec-s0-20261001-105559-3d1c1096/evaluations.jsonl
2026-10-02T15:21:59+00:00,E67,3,512,64,120,9.921875,0.140625,802.399197101593,/mnt/nfs/checkpoints/lanerl-jax/E67_afk_staggered/vec-s0-20261001-105559-3d1c1096/evaluations.jsonl
2026-10-02T15:21:59+00:00,E75c,0,0,64,120,9.921875,0.140625,802.399197101593,/mnt/nfs/checkpoints/lanerl-jax/E75c_combat_feature_control/vec-s0-20261001-202437-fd95388e/evaluations.jsonl
2026-10-02T15:21:59+00:00,E75c,1,128,64,120,8.640625,0.328125,749.9967408180237,/mnt/nfs/checkpoints/lanerl-jax/E75c_combat_feature_control/vec-s0-20261001-202437-fd95388e/evaluations.jsonl
2026-10-02T15:21:59+00:00,E75c,2,256,64,120,8.359375,0.453125,608.6508405208588,/mnt/nfs/checkpoints/lanerl-jax/E75c_combat_feature_control/vec-s0-20261001-202437-fd95388e/evaluations.jsonl
2026-10-02T15:21:59+00:00,E75c,3,512,64,120,9.453125,0.109375,764.7175297737122,/mnt/nfs/checkpoints/lanerl-jax/E75c_combat_feature_control/vec-s0-20261001-202437-fd95388e/evaluations.jsonl
2026-10-02T15:21:59+00:00,E78,0,0,64,120,9.921875,0.140625,802.399197101593,/mnt/nfs/checkpoints/lanerl-jax/E78_afk_cs_only/vec-s0-20261001-221924-cf0ff0bb/evaluations.jsonl
2026-10-02T15:21:59+00:00,E78,1,128,64,120,10.765625,0.015625,48.15263903141022,/mnt/nfs/checkpoints/lanerl-jax/E78_afk_cs_only/vec-s0-20261001-221924-cf0ff0bb/evaluations.jsonl
2026-10-02T15:21:59+00:00,E78,2,256,64,120,11.375,0.015625,7.814033508300781,/mnt/nfs/checkpoints/lanerl-jax/E78_afk_cs_only/vec-s0-20261001-221924-cf0ff0bb/evaluations.jsonl
2026-10-02T15:21:59+00:00,E78,3,512,64,120,10.0,0.078125,181.03582417964935,/mnt/nfs/checkpoints/lanerl-jax/E78_afk_cs_only/vec-s0-20261001-221924-cf0ff0bb/evaluations.jsonl
2026-10-02T15:21:59+00:00,E80,0,0,64,120,10.0,0.078125,181.03582417964935,/mnt/nfs/checkpoints/lanerl-jax/E80_afk_cs_only_12h/vec-s0-20261002-003708-b7130a5c/evaluations.jsonl
2026-10-02T15:21:59+00:00,E80,1,512,64,120,11.328125,0.03125,10.180336117744446,/mnt/nfs/checkpoints/lanerl-jax/E80_afk_cs_only_12h/vec-s0-20261002-003708-b7130a5c/evaluations.jsonl
2026-10-02T15:21:59+00:00,E81,0,0,64,120,10.0,0.078125,181.03582417964935,/mnt/nfs/checkpoints/lanerl-jax/E81_afk_gru_dagger/gru-dagger-s0-20261002-013626-f4cdde73/evaluations.jsonl
2026-10-02T15:21:59+00:00,E81,1,1,64,120,7.28125,0.421875,0.8213745355606079,/mnt/nfs/checkpoints/lanerl-jax/E81_afk_gru_dagger/gru-dagger-s0-20261002-013626-f4cdde73/evaluations.jsonl
2026-10-02T15:21:59+00:00,E81,2,2,64,120,10.84375,0.15625,0.0,/mnt/nfs/checkpoints/lanerl-jax/E81_afk_gru_dagger/gru-dagger-s0-20261002-013626-f4cdde73/evaluations.jsonl
2026-10-02T15:21:59+00:00,E81,3,3,64,120,11.75,0.0625,0.0,/mnt/nfs/checkpoints/lanerl-jax/E81_afk_gru_dagger/gru-dagger-s0-20261002-013626-f4cdde73/evaluations.jsonl
2026-10-02T15:21:59+00:00,E82,0,0,64,120,11.75,0.0625,0.0,/mnt/nfs/checkpoints/lanerl-jax/E82_afk_clone_ppo_retention/vec-s0-20261002-021315-9c16cef5/evaluations.jsonl
2026-10-02T15:21:59+00:00,E82,1,128,64,120,12.171875,0.0,0.0,/mnt/nfs/checkpoints/lanerl-jax/E82_afk_clone_ppo_retention/vec-s0-20261002-021315-9c16cef5/evaluations.jsonl
2026-10-02T15:21:59+00:00,E82,2,256,64,120,12.953125,0.015625,0.0,/mnt/nfs/checkpoints/lanerl-jax/E82_afk_clone_ppo_retention/vec-s0-20261002-021315-9c16cef5/evaluations.jsonl
2026-10-02T15:21:59+00:00,E82,3,512,64,120,14.125,0.0,0.0,/mnt/nfs/checkpoints/lanerl-jax/E82_afk_clone_ppo_retention/vec-s0-20261002-021315-9c16cef5/evaluations.jsonl
2026-10-02T15:21:59+00:00,E83 ppo,0,0,64,120,10.0,0.078125,181.03582417964935,/mnt/nfs/checkpoints/lanerl-jax/E83_afk_local_skill/local-s0-20261002-030844-f5b8677c/initial/evaluations.jsonl
2026-10-02T15:21:59+00:00,E83 ppo,1,0,64,120,1.03125,0.015625,0.0,/mnt/nfs/checkpoints/lanerl-jax/E83_afk_local_skill/local-s0-20261002-030844-f5b8677c/ppo_final/evaluations.jsonl
2026-10-02T15:21:59+00:00,E83 teaching,0,0,64,120,10.0,0.078125,181.03582417964935,/mnt/nfs/checkpoints/lanerl-jax/E83_afk_local_skill/local-s0-20261002-030844-f5b8677c/initial/evaluations.jsonl
2026-10-02T15:21:59+00:00,E83 teaching,1,0,64,120,4.875,0.953125,0.0,/mnt/nfs/checkpoints/lanerl-jax/E83_afk_local_skill/local-s0-20261002-030844-f5b8677c/teaching_final/evaluations.jsonl
2026-10-02T15:21:59+00:00,E87,0,0,64,120,14.125,0.0,0.0,/mnt/nfs/checkpoints/lanerl-jax/E87_afk_long_continuation/vec-s0-20261002-090325-f53965ce/evaluations.jsonl
2026-10-02T15:21:59+00:00,E87,1,128,64,120,11.296875,0.328125,46.053667187690735,/mnt/nfs/checkpoints/lanerl-jax/E87_afk_long_continuation/vec-s0-20261002-090325-f53965ce/evaluations.jsonl
2026-10-02T15:21:59+00:00,E87,2,512,64,120,13.28125,0.109375,10.740472078323364,/mnt/nfs/checkpoints/lanerl-jax/E87_afk_long_continuation/vec-s0-20261002-090325-f53965ce/evaluations.jsonl
2026-10-02T15:21:59+00:00,E87,3,1024,64,120,14.328125,0.0625,3.4104785919189453,/mnt/nfs/checkpoints/lanerl-jax/E87_afk_long_continuation/vec-s0-20261002-090325-f53965ce/evaluations.jsonl
2026-10-02T15:21:59+00:00,E87,4,2048,64,120,13.4375,0.140625,0.0,/mnt/nfs/checkpoints/lanerl-jax/E87_afk_long_continuation/vec-s0-20261002-090325-f53965ce/evaluations.jsonl
2026-10-02T15:21:59+00:00,E87,5,3072,64,120,10.640625,0.640625,0.8213745355606079,/mnt/nfs/checkpoints/lanerl-jax/E87_afk_long_continuation/vec-s0-20261002-090325-f53965ce/evaluations.jsonl
2026-10-02T15:21:59+00:00,E87,6,4096,64,120,12.34375,0.703125,1.6739941835403442,/mnt/nfs/checkpoints/lanerl-jax/E87_afk_long_continuation/vec-s0-20261002-090325-f53965ce/evaluations.jsonl
2026-10-02T15:21:59+00:00,E87,7,5120,64,120,13.6875,0.296875,25.97983306646347,/mnt/nfs/checkpoints/lanerl-jax/E87_afk_long_continuation/vec-s0-20261002-090325-f53965ce/evaluations.jsonl
